Scenario,Selected_TCs_6,Current_patient_count,Max_spend,Input_spend_take_sum,Projected_patient_count_take_sum,Output_Lift_common
1,STAMFORD HOSPITAL,19,1500000,600000,44,131%
1,BRIDGEPORT HOSPITAL,19,1500000,600000,44,131%
1,YALE-NEW HAVEN HOSPITAL,19,1500000,600000,44,131%
1,HARTFORD HOSPITAL,19,1500000,600000,44,131%
1,DANBURY HOSPITAL,19,1500000,600000,44,131%
1,NORWALK HOSPITAL ASSOCIATION,19,1500000,600000,44,131%
2,STAMFORD HOSPITAL,19,1500000,800000,56,194%
2,BRIDGEPORT HOSPITAL,19,1500000,800000,56,194%
2,YALE-NEW HAVEN HOSPITAL,19,1500000,800000,56,194%
2,HARTFORD HOSPITAL,19,1500000,800000,56,194%
2,DANBURY HOSPITAL,19,1500000,800000,56,194%
2,NORWALK HOSPITAL ASSOCIATION,19,1500000,800000,56,194%
3,STAMFORD HOSPITAL,19,1500000,1000000,64,236%
3,BRIDGEPORT HOSPITAL,19,1500000,1000000,64,236%
3,YALE-NEW HAVEN HOSPITAL,19,1500000,1000000,64,236%
3,HARTFORD HOSPITAL,19,1500000,1000000,64,236%
3,DANBURY HOSPITAL,19,1500000,1000000,64,236%
3,NORWALK HOSPITAL ASSOCIATION,19,1500000,1000000,64,236%
