Month_Year,TC_Name,TRx_patients,NRx_Patients,NBRx_Patients,Recurring_patients,Projected_Lift,Spend
May-17,STAMFORD HOSPITAL,0,0,0,0,0%,5000
Jun-17,STAMFORD HOSPITAL,0,0,0,0,0%,5000
Jul-17,STAMFORD HOSPITAL,0,0,0,0,0%,10000
Aug-17,STAMFORD HOSPITAL,0,0,0,0,0%,10000
Sep-17,STAMFORD HOSPITAL,3,2,1,0,0%,15000
Oct-17,STAMFORD HOSPITAL,4,2,1,1,33%,15000
Nov-17,STAMFORD HOSPITAL,7,3,2,2,75%,20000
Dec-17,STAMFORD HOSPITAL,10,3,4,3,43%,20000
May-17,BRIDGEPORT HOSPITAL,1,1,0,0,0%,10000
Jun-17,BRIDGEPORT HOSPITAL,1,0,1,0,0%,10000
Jul-17,BRIDGEPORT HOSPITAL,1,0,0,1,0%,15000
Aug-17,BRIDGEPORT HOSPITAL,1,0,0,1,0%,20000
Sep-17,BRIDGEPORT HOSPITAL,3,2,0,1,200%,20000
Oct-17,BRIDGEPORT HOSPITAL,4,1,1,2,33%,20000
Nov-17,BRIDGEPORT HOSPITAL,7,2,2,3,75%,25000
Dec-17,BRIDGEPORT HOSPITAL,9,2,3,4,29%,30000
May-17,YALE-NEW HAVEN HOSPITAL,0,0,0,0,0%,0
Jun-17,YALE-NEW HAVEN HOSPITAL,1,1,0,0,0%,5000
Jul-17,YALE-NEW HAVEN HOSPITAL,1,1,0,0,0%,5000
Aug-17,YALE-NEW HAVEN HOSPITAL,1,1,0,0,0%,10000
Sep-17,YALE-NEW HAVEN HOSPITAL,2,0,0,2,100%,15000
Oct-17,YALE-NEW HAVEN HOSPITAL,4,1,1,2,100%,25000
Nov-17,YALE-NEW HAVEN HOSPITAL,6,2,1,3,50%,40000
Dec-17,YALE-NEW HAVEN HOSPITAL,10,4,2,4,67%,50000
May-17,HARTFORD HOSPITAL,1,1,0,0,0%,10000
Jun-17,HARTFORD HOSPITAL,1,1,0,0,0%,10000
Jul-17,HARTFORD HOSPITAL,1,0,1,0,0%,20000
Aug-17,HARTFORD HOSPITAL,2,1,1,0,100%,35000
Sep-17,HARTFORD HOSPITAL,5,2,1,2,150%,35000
Oct-17,HARTFORD HOSPITAL,9,3,3,3,80%,50000
Nov-17,HARTFORD HOSPITAL,12,4,4,4,33%,60000
Dec-17,HARTFORD HOSPITAL,14,5,4,5,17%,80000
May-17,DANBURY HOSPITAL,0,0,0,0,0%,0
Jun-17,DANBURY HOSPITAL,0,0,0,0,0%,5000
Jul-17,DANBURY HOSPITAL,0,0,0,0,0%,5000
Aug-17,DANBURY HOSPITAL,0,0,0,0,0%,10000
Sep-17,DANBURY HOSPITAL,1,1,0,0,0%,15000
Oct-17,DANBURY HOSPITAL,2,1,0,1,100%,20000
Nov-17,DANBURY HOSPITAL,4,1,1,2,100%,20000
Dec-17,DANBURY HOSPITAL,5,2,1,2,25%,25000
May-17,NORWALK HOSPITAL ASSOCIATION,0,0,0,0,0%,0
Jun-17,NORWALK HOSPITAL ASSOCIATION,0,0,0,0,0%,10000
Jul-17,NORWALK HOSPITAL ASSOCIATION,1,1,0,0,0%,10000
Aug-17,NORWALK HOSPITAL ASSOCIATION,1,1,0,0,0%,20000
Sep-17,NORWALK HOSPITAL ASSOCIATION,2,1,1,0,100%,30000
Oct-17,NORWALK HOSPITAL ASSOCIATION,4,2,1,1,100%,30000
Nov-17,NORWALK HOSPITAL ASSOCIATION,5,2,1,2,25%,40000
Dec-17,NORWALK HOSPITAL ASSOCIATION,6,2,2,2,20%,60000
